title,originallink,link,description,pubDate
"NC 선수단-야구 꿈나무 특별한 만남, 김주원 ""오늘 경험이 좋은 기억으...",https://www.starnewskorea.com/sports/2026/04/14/2026041419553737985,https://m.sports.naver.com/kbaseball/article/108/0003426481,■ 2026년 '두드림(DODREAM)' 진행 계획 - 4월 20일 삼성라이온즈(삼성 라이온즈 파크) - 4월 27일 한화이글스(대전 한화생명 볼파크) - 5월 4일 기아타이거즈(광주 기아챔피언스필드) - 5월 11일 키움히어로즈(고척 스카이돔)...,"Tue, 14 Apr 2026 20:09:00 +0900"
"'307억' 노시환 2군행, '100억' 강백호는 타점왕 페이스, 한화 초고액 계...",https://www.ohmynews.com/NWS_Web/View/at_pg.aspx?CNTN_CD=A0003224329&CMPT_CD=P0010&utm_source=naver&utm_medium=newsearch&utm_campaign=naver_news,https://m.sports.naver.com/kbaseball/article/047/0002511944,"한화는 지난 10~12일 기아 타이거즈와의 주말 3연전을 모두 내줬고, 노시환은 이 기간 11타수 무안타에 그쳤다. 노시환은 장종훈-김태균의 계보를 잇는 한화의 프랜차이즈 스타이타 간판 거포다. 2019년 신인드래프트...","Tue, 14 Apr 2026 11:21:00 +0900"
"베테랑 희비, 박건우 최정 '맑음' 양의지 김재환 '흐림' [프로야구]",http://www.sportsq.co.kr/news/articleView.html?idxno=493192,http://www.sportsq.co.kr/news/articleView.html?idxno=493192,"전문가들 예상에서 강팀으로 분류됐던 LG(엘지) 트윈스, KT 위즈, 삼성 라이온즈가 상위권을 형성했고 SSG 랜더스부터 한화 이글스, NC(엔씨) 다이노스, KIA(기아) 타이거즈까지 4팀이 1경기 안에 모여있을 만큼...","Tue, 14 Apr 2026 10:56:00 +0900"
"'2군행' 노시환, 연봉도 깎인다…최소 1667만원 삭감, '하루 166만원꼴'",https://www.newsis.com/view/NISX20260414_0003589883,https://m.sports.naver.com/kbaseball/article/003/0013885601,6만원이다. 2군에 내려간다면 최소 열흘 뒤에야 1군 등록이 가능하기에 노시환은 최소 1667만원을 받지 못한다. 한편 한화는 노시환의 부진 속 3연패에 빠졌다. 지난 10~12일 기아 타이거즈와의 주말 3연전을 모두 내줬다.,"Tue, 14 Apr 2026 09:30:00 +0900"
"[2026 프로야구 삼진과 홈런사이] 한화 문동주, 160km 강속구로 삼성 잡...",http://www.newsian.co.kr/news/articleView.html?idxno=88486,http://www.newsian.co.kr/news/articleView.html?idxno=88486,"문동주 [사진=뉴시스DB] 한화는 지난 주 초 SSG 랜더스와의 3연전에서 먼저 2연승을 올리다가 9일(목요일) 전국적으로 내린 비로경기가 취소돼서 3연승 도전을 하지 못한 후, 기아 타이거즈와의 주말 3연전에서...","Tue, 14 Apr 2026 08:26:00 +0900"
'2026 프로야구 일정' 4월 14일 구단별 선발투수와 생중계채널,https://www.gukjenews.com/news/articleView.html?idxno=3556198,https://www.gukjenews.com/news/articleView.html?idxno=3556198,키움히어로즈와 기아타이거즈의 경기는 광주기아챔피언스필드에서 열린다. 선발투수는 각각 하영민과 양현종이다. 중계는 KBS N SPORTS에서 볼수 있다. KT위즈의 고영표와 NC다이노스의 버하겐이 창원NC파크에서...,"Tue, 14 Apr 2026 00:16:00 +0900"
"4연승 KIA, 상위권 노린다",https://kjmbc.co.kr/NewsArticle/1513885,https://kjmbc.co.kr/NewsArticle/1513885,"KIA는 이번주 하위권인 키움과 두산을 만납니다. 상대팀 모두 타선과 중간계투에서 약점을 보이고 있어, 이를 어떻게 공략하느냐가 상위권 안착의 관건이 될 전망입니다. MBC뉴스 김영창입니다. #기아타이거즈","Mon, 13 Apr 2026 20:40:00 +0900"
한화이글스 '6승 7패' 5할 승률 붕괴…구멍 난 7·8회,https://www.cctoday.co.kr/news/articleView.html?idxno=2228534,https://www.cctoday.co.kr/news/articleView.html?idxno=2228534,"＜편집자 주＞◆ 최악의 부진, '오그레디'까지 소환한 노시환… 불펜 방화, 수비 실책까지 악순환한화이글스가 주말 기아 타이거즈와의 3연전을 모두 내주며 5할 승률(6승 7패)이 붕괴됐다.4번타자 노시환은 타순...","Mon, 13 Apr 2026 18:30:00 +0900"
"한화, 기아와의 주말 3연전 싹쓸이 패배",https://tjmbc.co.kr/NewsArticle/834737,https://tjmbc.co.kr/NewsArticle/834737,프로야구 한화이글스가 안방에서 기아 타이거즈에 주말 3연전을 모두 내주며 스윕패를 당했습니다. 한화는 오늘 부상으로 이탈한 오웬 화이트 대신 임시 대체자로 데려온 잭 쿠싱을 선발로 내세웠지만 3이닝 3실점으로...,"Sun, 12 Apr 2026 21:00:00 +0900"
[Project 당신] 어느 '임시 반장'의 첫 번째 인사 [서간문],https://www.artinsight.co.kr/news/view.php?no=80505,https://www.artinsight.co.kr/news/view.php?no=80505,"저는 재원 님의 이름, 데이식스와 베이스와 밴드 음악과 커피를 좋아하신다는 점, 기아 타이거즈를 응원하신다는 점, 아트인사이트에 글을 쓰신다는 점 정도 밖에는 몰라요. 그런데 이렇게 나열해놓고 보니, 생각보다 많이...","Sun, 12 Apr 2026 20:34:00 +0900"
대전한화생명볼파크는 오늘도 매진,https://www.joongdo.co.kr/web/view.php?key=20260412010003523,https://www.joongdo.co.kr/web/view.php?key=20260412010003523,12일 대전한화생명볼파크에서 열린 한화이글스와 기아타이거즈의 경기에서 야구장을 찾은 팬들이 응원을 하며 경기를 관람하고 있다. 이성희 기자,"Sun, 12 Apr 2026 19:50:00 +0900"
연패에 빠진 한화,https://www.news1.kr/photos/7850814,https://m.sports.naver.com/kbaseball/article/421/0008884770,12일 대전 한화생명볼파크에서 열린 2026 신한 SOL KBO리그 기아 타이거즈와 한화 이글스의 경기에서 3대9로 패배한 한화 선수단이 아쉬운 표정을 지으며 팬들에게 인사하고 있다. 2026.4.12/뉴스1,"Sun, 12 Apr 2026 17:33:00 +0900"
[부고] 이해경씨 별세 外,https://www.hankyung.com/article/2026041251761,https://n.news.naver.com/mnews/article/015/0005273869?sid=102,"별세, 조성대 FC서울 운영육성팀 프로 부친상=11일 인천성모병원 발인 13일 오전 8시30분 032-517-0710 ▶곽수식씨 별세, 곽도규 기아타이거즈 선수 조부상=11일 이천병원 발인 13일 오전 8시 031-630-4444","Sun, 12 Apr 2026 17:25:00 +0900"
친정팀 상대로 투구하는 이태양,https://www.news1.kr/photos/7850747,https://m.sports.naver.com/kbaseball/article/421/0008884706,12일 대전 한화생명볼파크에서 열린 2026 신한 SOL KBO리그 기아 타이거즈와 한화 이글스의 경기에서 기아 이태양이 이적 후 친정팀을 상대로 투구하고 있다. 2026.4.12/뉴스1,"Sun, 12 Apr 2026 16:36:00 +0900"
"4연승 가자, 환호하는 기아 선수들",https://www.news1.kr/photos/7850749,https://m.sports.naver.com/kbaseball/article/421/0008884708,12일 대전 한화생명볼파크에서 열린 2026 신한 SOL KBO리그 기아 타이거즈와 한화 이글스의 경기에서 7회초 기아가 득점하며 더그아웃 선수들이 환호하고 있다. 2026.4.12/뉴스1,"Sun, 12 Apr 2026 16:36:00 +0900"
"2루타 1타점 , 기아 한준수",https://www.news1.kr/photos/7850746,https://m.sports.naver.com/kbaseball/article/421/0008884705,12일 대전 한화생명볼파크에서 열린 2026 신한 SOL KBO리그 기아 타이거즈와 한화 이글스의 경기에서 기아 한준수가 7회초 2루타를 치고 있다. 2026.4.12/뉴스1,"Sun, 12 Apr 2026 16:36:00 +0900"
헬멧 고쳐 쓰는 김도영,https://www.news1.kr/photos/7850745,https://m.sports.naver.com/kbaseball/article/421/0008884704,12일 대전 한화생명볼파크에서 열린 2026 신한 SOL KBO리그 기아 타이거즈와 한화 이글스의 경기에서 기아 김도영이 헬멧을 고쳐 쓰고 있다. 2026.4.12/뉴스1,"Sun, 12 Apr 2026 16:36:00 +0900"
친정팀 상대로 투구하는 이태양,https://www.news1.kr/photos/7850748,https://m.sports.naver.com/kbaseball/article/421/0008884707,12일 대전 한화생명볼파크에서 열린 2026 신한 SOL KBO리그 기아 타이거즈와 한화 이글스의 경기에서 기아 이태양이 이적 후 친정팀을 상대로 투구하고 있다. 2026.4.12/뉴스1,"Sun, 12 Apr 2026 16:36:00 +0900"
"환영하는 이범호 감독, 준수 잘했어!",https://www.news1.kr/photos/7850750,https://m.sports.naver.com/kbaseball/article/421/0008884709,12일 대전 한화생명볼파크에서 열린 2026 신한 SOL KBO리그 기아 타이거즈와 한화 이글스의 경기에서 7회초 기아 한준수가 2루타 후 득점하며 이범호 감독의 환영흫 받고 있다. 2026.4.12/뉴스1,"Sun, 12 Apr 2026 16:36:00 +0900"
"프로야구단 경영성적은?…한화 매출, SSG 영업이익 ‘상승률 톱’",https://www.ekn.kr/web/view.php?key=20260412029425654,https://www.ekn.kr/web/view.php?key=20260412029425654,"2024년 실적과 비교하면 기아타이거즈(768억원, 0.3%↓)를 제외한 모든 구단이 매출을 늘렸다. 한화이글스 성적이 594억원에서 746억원 25.6% 뛰며 매출 성장 부문에서 1위를 차지했다. KT위즈(823억원→982억원, 19.3...","Sun, 12 Apr 2026 16:30:00 +0900"
"한화의 독수리들, 연패에서 벗어 날수 있을까?",https://www.news1.kr/photos/7850719,https://m.sports.naver.com/kbaseball/article/421/0008884685,12일 대전 한화생명볼파크에서 열린 2026 신한 SOL KBO리그 기아 타이거즈와 한화 이글스의 경기에서 한화 선수단이 끌려가는 경기를 보며 안타까운 표정을 짓고 있다. 2026.4.12/뉴스1,"Sun, 12 Apr 2026 16:10:00 +0900"
포효하는 기아 올러,https://www.news1.kr/photos/7850715,https://m.sports.naver.com/kbaseball/article/421/0008884683,12일 대전 한화생명볼파크에서 열린 2026 신한 SOL KBO리그 기아 타이거즈와 한화 이글스의 경기에서 기아 올러가 5회말 만루 위기에서 삼진으로 위기를 넘기며 포효하고 있다. 2026.4.12/뉴스1,"Sun, 12 Apr 2026 16:06:00 +0900"
투구하는 강건우,https://www.news1.kr/photos/7850716,https://m.sports.naver.com/kbaseball/article/421/0008884684,12일 대전 한화생명볼파크에서 열린 2026 신한 SOL KBO리그 기아 타이거즈와 한화 이글스의 경기에서 한화 강건우가 투구하고 있다. 2026.4.12/뉴스1,"Sun, 12 Apr 2026 16:06:00 +0900"
포효하는 기아 올러,https://www.news1.kr/photos/7850710,https://m.sports.naver.com/kbaseball/article/421/0008884678,12일 대전 한화생명볼파크에서 열린 2026 신한 SOL KBO리그 기아 타이거즈와 한화 이글스의 경기에서 기아 올러가 5회말 만루 위기에서 삼진으로 위기를 넘기며 포효하고 있다. 2026.4.12/뉴스1,"Sun, 12 Apr 2026 16:06:00 +0900"
투구하는 황준서,https://www.news1.kr/photos/7850714,https://m.sports.naver.com/kbaseball/article/421/0008884682,12일 대전 한화생명볼파크에서 열린 2026 신한 SOL KBO리그 기아 타이거즈와 한화 이글스의 경기에서 한화 황준서가 투구하고 있다. 2026.4.12/뉴스1,"Sun, 12 Apr 2026 16:06:00 +0900"
투구하는 이민우,https://www.news1.kr/photos/7850713,https://m.sports.naver.com/kbaseball/article/421/0008884680,12일 대전 한화생명볼파크에서 열린 2026 신한 SOL KBO리그 기아 타이거즈와 한화 이글스의 경기에서 한화 이민우가 투구하고 있다. 2026.4.12/뉴스1,"Sun, 12 Apr 2026 16:06:00 +0900"
만루 위기 넘기는 올러,https://www.news1.kr/photos/7850709,https://m.sports.naver.com/kbaseball/article/421/0008884677,12일 대전 한화생명볼파크에서 열린 2026 신한 SOL KBO리그 기아 타이거즈와 한화 이글스의 경기에서 기아 올러가 5회말 만루 위기에서 삼진으로 위기를 넘기며 포효하고 있다. 2026.4.12/뉴스1,"Sun, 12 Apr 2026 16:06:00 +0900"
만루 위기 넘기는 올러,https://www.news1.kr/photos/7850712,https://m.sports.naver.com/kbaseball/article/421/0008884681,12일 대전 한화생명볼파크에서 열린 2026 신한 SOL KBO리그 기아 타이거즈와 한화 이글스의 경기에서 기아 올러가 5회말 만루 위기에서 삼진으로 위기를 넘기며 포효하고 있다. 2026.4.12/뉴스1,"Sun, 12 Apr 2026 16:06:00 +0900"
만루 위기 넘기는 올러,https://www.news1.kr/photos/7850711,https://m.sports.naver.com/kbaseball/article/421/0008884679,12일 대전 한화생명볼파크에서 열린 2026 신한 SOL KBO리그 기아 타이거즈와 한화 이글스의 경기에서 기아 올러가 5회말 만루 위기에서 삼진으로 위기를 넘기며 포효하고 있다. 2026.4.12/뉴스1,"Sun, 12 Apr 2026 16:06:00 +0900"
타격하는 나성범,https://www.news1.kr/photos/7850708,https://m.sports.naver.com/kbaseball/article/421/0008884676,12일 대전 한화생명볼파크에서 열린 2026 신한 SOL KBO리그 기아 타이거즈와 한화 이글스의 경기에서 기아 나성범이 타격하고 있다. 2026.4.12/뉴스1,"Sun, 12 Apr 2026 16:05:00 +0900"
실점하며 교체되는 한화 쿠싱,https://www.news1.kr/photos/7850644,https://m.sports.naver.com/kbaseball/article/421/0008884609,12일 대전 한화생명볼파크에서 열린 2026 신한 SOL KBO리그 기아 타이거즈와 한화 이글스의 경기에서 한화 쿠싱이 첫 등판 2실점 하며 4회초 마운드를 내려 오고 있다. 2026.4.12/뉴스1,"Sun, 12 Apr 2026 15:20:00 +0900"
실점하며 교체되는 한화 쿠싱,https://www.news1.kr/photos/7850632,https://m.sports.naver.com/kbaseball/article/421/0008884601,12일 대전 한화생명볼파크에서 열린 2026 신한 SOL KBO리그 기아 타이거즈와 한화 이글스의 경기에서 한화 쿠싱이 첫 등판 2실점 하며 4회초 마운드를 내려오고 있다. 2026.4.12/뉴스1,"Sun, 12 Apr 2026 15:16:00 +0900"
실점하며 교체되는 한화 쿠싱,https://www.news1.kr/photos/7850638,https://m.sports.naver.com/kbaseball/article/421/0008884606,12일 대전 한화생명볼파크에서 열린 2026 신한 SOL KBO리그 기아 타이거즈와 한화 이글스의 경기에서 한화 쿠싱이 첫 등판 2실점 하며 4회초 마운드를 내려 오고 있다. 2026.4.12/뉴스1,"Sun, 12 Apr 2026 15:16:00 +0900"
1타점 안타치는 페라자,https://www.news1.kr/photos/7850637,https://m.sports.naver.com/kbaseball/article/421/0008884605,12일 대전 한화생명볼파크에서 열린 2026 신한 SOL KBO리그 기아 타이거즈와 한화 이글스의 경기에서 한화 페라자가 3횐말 1타점 안타를 치고있다. 2026.4.12/뉴스1,"Sun, 12 Apr 2026 15:16:00 +0900"
실점하며 교체되는 한화 쿠싱,https://www.news1.kr/photos/7850631,https://m.sports.naver.com/kbaseball/article/421/0008884600,12일 대전 한화생명볼파크에서 열린 2026 신한 SOL KBO리그 기아 타이거즈와 한화 이글스의 경기에서 한화 쿠싱이 첫 등판 2실점 하며 4회초 마운드를 내려 오고 있다. 2026.4.12/뉴스1,"Sun, 12 Apr 2026 15:16:00 +0900"
안타치는 문현빈,https://www.news1.kr/photos/7850630,https://m.sports.naver.com/kbaseball/article/421/0008884599,12일 대전 한화생명볼파크에서 열린 2026 신한 SOL KBO리그 기아 타이거즈와 한화 이글스의 경기에서 한화 문현빈이 3회말 안타를 치고 있다. 2026.4.12/뉴스1,"Sun, 12 Apr 2026 15:16:00 +0900"
경기보는 김경문 감독,https://www.news1.kr/photos/7850636,https://m.sports.naver.com/kbaseball/article/421/0008884604,12일 대전 한화생명볼파크에서 열린 2026 신한 SOL KBO리그 기아 타이거즈와 한화 이글스의 경기에서 한화 김경문 감독이 경기를 보고 있다. 2026.4.12/뉴스1,"Sun, 12 Apr 2026 15:16:00 +0900"
무슨 얘기를 나누는거야?,https://www.news1.kr/photos/7850633,https://m.sports.naver.com/kbaseball/article/421/0008884602,12일 대전 한화생명볼파크에서 열린 2026 신한 SOL KBO리그 기아 타이거즈와 한화 이글스의 경기에서 한화 페라자가 3횐말 1타점 안타를 친 페라자가 3루에 진루하며 기아 김도영과 다정하게 이야기를 나누고...,"Sun, 12 Apr 2026 15:16:00 +0900"
실점하는 올러,https://www.news1.kr/photos/7850634,https://m.sports.naver.com/kbaseball/article/421/0008884603,12일 대전 한화생명볼파크에서 열린 2026 신한 SOL KBO리그 기아 타이거즈와 한화 이글스의 경기에서 기아 올러가 1실점 안타를 맞으며 외야를 보고 있다. 2026.4.12/뉴스1,"Sun, 12 Apr 2026 15:16:00 +0900"
"교체된 한화 쿠싱, 김경문 감독 격려에 엄지 척!",https://www.news1.kr/photos/7850629,https://m.sports.naver.com/kbaseball/article/421/0008884593,12일 대전 한화생명볼파크에서 열린 2026 신한 SOL KBO리그 기아 타이거즈와 한화 이글스의 경기에서 한화 쿠싱이 첫 등판 2실점 하며 4회초 마운드를 내려온 뒤 김경문 감독과 이야기를 나누고 있다. 2026.4.12/뉴스1,"Sun, 12 Apr 2026 15:15:00 +0900"
다정한 페라자와 김도영,https://www.news1.kr/photos/7850628,https://m.sports.naver.com/kbaseball/article/421/0008884592,12일 대전 한화생명볼파크에서 열린 2026 신한 SOL KBO리그 기아 타이거즈와 한화 이글스의 경기에서 한화 페라자가 3횐말 1타점 안타를 친 페라자가 3루에 진루하며 기아 김도영과 다정하게 이야기를 나누고...,"Sun, 12 Apr 2026 15:15:00 +0900"
"교체된 한화 쿠싱, 김경문 감독 격려에 엄지 척!",https://www.news1.kr/photos/7850629,https://m.sports.naver.com/kbaseball/article/421/0008884593,12일 대전 한화생명볼파크에서 열린 2026 신한 SOL KBO리그 기아 타이거즈와 한화 이글스의 경기에서 한화 쿠싱이 첫 등판 2실점 하며 4회초 마운드를 내려온 뒤 김경문 감독과 이야기를 나누고 있다. 2026.4.12/뉴스1,"Sun, 12 Apr 2026 15:15:00 +0900"
경기보는 이범호 감독,https://www.news1.kr/photos/7850625,https://m.sports.naver.com/kbaseball/article/421/0008884589,12일 대전 한화생명볼파크에서 열린 2026 신한 SOL KBO리그 기아 타이거즈와 한화 이글스의 경기에서 기아 이범호 감독이 경기를 보고 있다. 2026.4.12/뉴스1,"Sun, 12 Apr 2026 15:14:00 +0900"
경기보는 이범호 감독,https://www.news1.kr/photos/7850626,https://m.sports.naver.com/kbaseball/article/421/0008884590,12일 대전 한화생명볼파크에서 열린 2026 신한 SOL KBO리그 기아 타이거즈와 한화 이글스의 경기에서 기아 이범호 감독이 경기를 보고 있다. 2026.4.12/뉴스1,"Sun, 12 Apr 2026 15:14:00 +0900"
삼진 잡은 올러,https://www.news1.kr/photos/7850526,https://m.sports.naver.com/kbaseball/article/421/0008884502,12일 대전 한화생명볼파크에서 열린 2026 신한 SOL KBO리그 기아타이거즈와 한화 이글스의 경기에서 기아 올러가 2회 삼진으로 마무리 하며 환호하고 있다. 2026.4.12/뉴스1,"Sun, 12 Apr 2026 14:42:00 +0900"
삼진 당하는 노시환,https://www.news1.kr/photos/7850527,https://m.sports.naver.com/kbaseball/article/421/0008884501,12일 대전 한화생명볼파크에서 열린 2026 신한 SOL KBO리그 기아 타이거즈와 한화 이글스의 경기에서 한화 노시환이 삼진으로 물러나고 있다. 2026.4.12/뉴스1,"Sun, 12 Apr 2026 14:42:00 +0900"
병살 아웃되는 페라자,https://www.news1.kr/photos/7850525,https://m.sports.naver.com/kbaseball/article/421/0008884500,12일 대전 한화생명볼파크에서 열린 2026 신한 SOL KBO리그 기아 타이거즈와 한화 이글스의 경기에서 1회말 한화 페라자가 문현빈 내야땅볼에 2루에서 병살 아웃되고 있다. 2026.4.12/뉴스1,"Sun, 12 Apr 2026 14:41:00 +0900"
무실점 호투하는 기아 올러,https://www.news1.kr/photos/7850524,https://m.sports.naver.com/kbaseball/article/421/0008884499,12일 대전 한화생명볼파크에서 열린 2026 신한 SOL KBO리그 기아 타이거즈와 한화 이글스의 경기에서 기아 올러가 투구하고 있다. 2026.4.12/뉴스1,"Sun, 12 Apr 2026 14:41:00 +0900"
선발 투구하는 기아 올러,https://www.news1.kr/photos/7850512,https://m.sports.naver.com/kbaseball/article/421/0008884484,12일 대전 한화생명볼파크에서 열린 2026 신한 SOL KBO리그 기아타이거즈와 한화 이글스의 경기에서 기아 올러가 선발 투구하고 있다. 2026.4.12/뉴스1,"Sun, 12 Apr 2026 14:32:00 +0900"
타격하는 카스트로,https://www.news1.kr/photos/7850511,https://m.sports.naver.com/kbaseball/article/421/0008884483,12일 대전 한화생명볼파크에서 열린 2026 신한 SOL KBO리그 기아타이거즈와 한화 이글스의 경기에서 기아 카스트로가 타격하고 있다. 2026.4.12/뉴스1,"Sun, 12 Apr 2026 14:32:00 +0900"
선발 투구하는 쿠싱,https://www.news1.kr/photos/7850513,https://m.sports.naver.com/kbaseball/article/421/0008884485,12일 대전 한화생명볼파크에서 열린 2026 신한 SOL KBO리그 기아 타이거즈와 한화 이글스의 경기에서 한화 쿠싱이 선발 투구하고 있다. 2026.4.12/뉴스1,"Sun, 12 Apr 2026 14:32:00 +0900"
선발 투구하는 기아 올러,https://www.news1.kr/photos/7850498,https://m.sports.naver.com/kbaseball/article/421/0008884470,12일 대전 한화생명볼파크에서 열린 2026 신한 SOL KBO리그 기아타이거즈와 한화 이글스의 경기에서 기아 올러가 선발 투구하고 있다. 2026.4.12/뉴스1,"Sun, 12 Apr 2026 14:31:00 +0900"
투구하는 올러,https://www.news1.kr/photos/7850501,https://m.sports.naver.com/kbaseball/article/421/0008884473,12일 대전 한화생명볼파크에서 열린 2026 신한 SOL KBO리그 기아타이거즈와 한화 이글스의 경기에서 기아 올러가 선발 투구하고 있다. 2026.4.12/뉴스1,"Sun, 12 Apr 2026 14:31:00 +0900"
첫 등판 투구하는 쿠싱,https://www.news1.kr/photos/7850510,https://m.sports.naver.com/kbaseball/article/421/0008884482,12일 대전 한화생명볼파크에서 열린 2026 신한 SOL KBO리그 기아 타이거즈와 한화 이글스의 경기에서 한화 쿠싱이 선발 투구하고 있다. 2026.4.12/뉴스1,"Sun, 12 Apr 2026 14:31:00 +0900"
첫 등판 1실점 한 쿠싱,https://www.news1.kr/photos/7850503,https://m.sports.naver.com/kbaseball/article/421/0008884475,"12일 대전 한화생명볼파크에서 열린 2026 신한 SOL KBO리그 기아 타이거즈와 한화 이글스의 경기에서 한화 쿠싱이 선발 등판, 1회 1실점 하며 이닝을 마무리 하고 있다. 2026.4.12/뉴스1","Sun, 12 Apr 2026 14:31:00 +0900"
선발 투구하는 쿠싱,https://www.news1.kr/photos/7850505,https://m.sports.naver.com/kbaseball/article/421/0008884477,12일 대전 한화생명볼파크에서 열린 2026 신한 SOL KBO리그 기아 타이거즈와 한화 이글스의 경기에서 한화 쿠싱이 선발 투구하고 있다. 2026.4.12/뉴스1,"Sun, 12 Apr 2026 14:31:00 +0900"
선취 타점 올리는 김도영,https://www.news1.kr/photos/7850504,https://m.sports.naver.com/kbaseball/article/421/0008884476,12일 대전 한화생명볼파크에서 열린 2026 신한 SOL KBO리그 기아타이거즈와 한화 이글스의 경기에서 기아 김도영이 1회 2루타 1타점을 치고 있다. 2026.4.12/뉴스1,"Sun, 12 Apr 2026 14:31:00 +0900"
선취 타점 올리는 김도영,https://www.news1.kr/photos/7850509,https://m.sports.naver.com/kbaseball/article/421/0008884481,12일 대전 한화생명볼파크에서 열린 2026 신한 SOL KBO리그 기아타이거즈와 한화 이글스의 경기에서 기아 김도영이 1회 2루타 1타점을 치고 있다. 2026.4.12/뉴스1,"Sun, 12 Apr 2026 14:31:00 +0900"
타격하는 김호령,https://www.news1.kr/photos/7850502,https://m.sports.naver.com/kbaseball/article/421/0008884474,12일 대전 한화생명볼파크에서 열린 2026 신한 SOL KBO리그 기아타이거즈와 한화 이글스의 경기에서 기아 김호령이 타격 하고 있다. 2026.4.12/뉴스1,"Sun, 12 Apr 2026 14:31:00 +0900"
선발 투구하는 쿠싱,https://www.news1.kr/photos/7850506,https://m.sports.naver.com/kbaseball/article/421/0008884478,12일 대전 한화생명볼파크에서 열린 2026 신한 SOL KBO리그 기아 타이거즈와 한화 이글스의 경기에서 한화 쿠싱이 선발 투구하고 있다. 2026.4.12/뉴스1,"Sun, 12 Apr 2026 14:31:00 +0900"
선발 투구하는 쿠싱,https://www.news1.kr/photos/7850507,https://m.sports.naver.com/kbaseball/article/421/0008884479,12일 대전 한화생명볼파크에서 열린 2026 신한 SOL KBO리그 기아 타이거즈와 한화 이글스의 경기에서 한화 쿠싱이 선발 투구하고 있다. 2026.4.12/뉴스1,"Sun, 12 Apr 2026 14:31:00 +0900"
선취 타점 올린 김도영,https://www.news1.kr/photos/7850500,https://m.sports.naver.com/kbaseball/article/421/0008884472,12일 대전 한화생명볼파크에서 열린 2026 신한 SOL KBO리그 기아타이거즈와 한화 이글스의 경기에서 기아 김도영이 1회 2루타 1타점을 치고 있다. 2026.4.12/뉴스1,"Sun, 12 Apr 2026 14:31:00 +0900"
타격하는 김호령,https://www.news1.kr/photos/7850502,https://m.sports.naver.com/kbaseball/article/421/0008884474,12일 대전 한화생명볼파크에서 열린 2026 신한 SOL KBO리그 기아타이거즈와 한화 이글스의 경기에서 기아 김호령이 타격 하고 있다. 2026.4.12/뉴스1,"Sun, 12 Apr 2026 14:31:00 +0900"
선취 타점 올리는 김도영,https://www.news1.kr/photos/7850509,https://m.sports.naver.com/kbaseball/article/421/0008884481,12일 대전 한화생명볼파크에서 열린 2026 신한 SOL KBO리그 기아타이거즈와 한화 이글스의 경기에서 기아 김도영이 1회 2루타 1타점을 치고 있다. 2026.4.12/뉴스1,"Sun, 12 Apr 2026 14:31:00 +0900"
[2026 프로야구 일정] 4월 12일 구단별 선발투수와 생중계 채널,https://www.gukjenews.com/news/articleView.html?idxno=3554775,https://www.gukjenews.com/news/articleView.html?idxno=3554775,"▲대전 한화생명 볼파크= 기아 타이거즈 올러 VS 한화이글스 쿠싱 (MBC) ▲수원KT위즈파크 = 두산 베어스 최승용 VS KT 위즈 보쉴리 (SBS SPORTS, SPOTV2) ▲고척스카이돔 = 롯데 자이언츠 박세웅 VS 키움...","Sun, 12 Apr 2026 00:10:00 +0900"
"KIA, 한화에 6-5 역전승…0-4 뒤집고 시즌 첫 3연승",https://www.slist.kr/news/articleView.html?idxno=730993,https://www.slist.kr/news/articleView.html?idxno=730993,입단 3년 만에 첫 세이브를 거둔 성영탁 (사진=기아타이거즈) 연합뉴스에 따르면 KIA는 11일 대전 한화생명 볼파크에서 열린 2026 신한 SOL 뱅크 KBO리그 원정경기에서 한화 이글스를 6-5로 꺾었다. 경기 초반 0-4로...,"Sat, 11 Apr 2026 18:24:00 +0900"
"KIA, 한화에 6-5 '진땀승'…강백호 홈런 추격 떨쳐낸 기아",https://www.gukjenews.com/news/articleView.html?idxno=3554589,https://www.gukjenews.com/news/articleView.html?idxno=3554589,나성범 (사진=기아 타이거즈 제공) KIA 타이거즈가 홈런 3방을 앞세워 한화 이글스의 끈질긴 추격을 뿌리치고 승리를 거뒀다. KIA는 10일 대전 한화생명 이글스파크에서 열린 2026 신한 SOL 뱅크 KBO리그 한화와의...,"Sat, 11 Apr 2026 10:08:00 +0900"
"'9회 정해영 붕괴' KIA, 한화에 6-5 아슬아슬 진땀승...나성범 투런 홈런...",http://www.maniareport.com/view.php?ud=2026041021245242596cf2d78c68_19,https://m.sports.naver.com/kbaseball/article/425/0000184443,기아타이거즈는 4월 10일 대전 한화생명 볼파크에서 벌어진 26 신한 SOL 뱅크 KBO리그 한화이글스와의 원정경기에서 6-5로 진땀승을 거뒀다. 특히 4회초 나성범의 투런홈런은 최고였고 선발 내일의 7이닝 3실점 4탈삼진...,"Sat, 11 Apr 2026 07:48:00 +0900"
"데이식스 원필, 기아 김도영 시구 지도 받았다…우천 취소에 투샷 공개",https://www.topstarnews.net/news/articleView.html?idxno=16031189,https://www.topstarnews.net/news/articleView.html?idxno=16031189,"지난 9일 기아 타이거즈 공식 인스타그램에는 ""행운 DAY에 찾아온 데이식스 원필. 오전부터 내린 비로 경기가 취소되어 행운 유니폼을 입고 실내에서 시구 연습을 진행했습니다. 김도영에게 시구 지도를 받고 챔필...","Fri, 10 Apr 2026 17:48:00 +0900"
"나지완 ""기아 타이거즈, 韓 가장 인기 팀"" [우리동네 야구대장]",https://www.starnewskorea.com/star/2026/04/10/2026041011513368072,https://m.entertain.naver.com/article/108/0003425164,"'우리동네 야구대장' 리틀 타이거즈 나지완 감독이 전 기아 타이거즈 선수로서 자부심을 드러냈다. KBS 2TV 새 예능 '우리동네 야구대장' 팀은 10일 오전 온라인 제작발표회를 진행했다. 이정욱 PD를 비롯해 박용택, 이대호...","Fri, 10 Apr 2026 12:10:00 +0900"
"‘승리요정’ 데이식스 원필, 기아 김도영 만났다…우취에도 시구연습",https://www.newsen.com/news_view.php?uid=202604101126030410,https://m.entertain.naver.com/article/609/0001112689,"밴드 데이식스(DAY6) 멤버 원필이 기아 타이거즈 김도영을 만났다. 기아 타이거즈는 4월 9일 공식 인스타그램을 통해 ""행운 DAY에 찾아온 DAY6 원필. 오전부터 내린 비로 경기가 취소되어 행운 유니폼을 입고 실내에서...","Fri, 10 Apr 2026 11:52:00 +0900"
"[한화vs기아] KIA, '네일·올러' 선발 앞두고 대전 '우천 취소' 없다",https://www.gukjenews.com/news/articleView.html?idxno=3553991,https://www.gukjenews.com/news/articleView.html?idxno=3553991,"KIA 타이거즈 투수 제임스 네일 (사진=기아 타이거즈 제공) 광주를 적셨던 봄비가 물러나고 대전의 하늘이 맑게 개면서, KIA 타이거즈와 한화 이글스의 주말 3연전을 기다려온 야구팬들의 설렘이 커지고 있다. KIA는 지난...","Fri, 10 Apr 2026 11:50:00 +0900"
"박용택→이대호, '슛돌이' 야구판 '우리동네 야구대장' 출격",https://news.tf.co.kr/read/entertain/2311796.htm,https://m.entertain.naver.com/article/629/0000490233,"미래 KBO의 뿌리가 될 꿈나무 선수들을 잘 지도해 한국 프로 야구에 보탬이 되고 싶다""고, 전 기아 타이거즈 선수 나지완은 광주 '리틀 타이거즈' 감독으로 참여한다. 나지완은 ""존경하던 선배들과 함께할 수 있어...","Fri, 10 Apr 2026 11:43:00 +0900"
"""'슛돌이' 이강인 같은 선수 나오길""…박용택→이대호, '야구' 유소년 키...",http://enews.imbc.com/News/RetrieveNewsInfo/501223,https://m.entertain.naver.com/article/408/0000304839,"'리틀 기아 타이거즈' 나지완 감독은 ""선배들과 함께해서 영광이다. 감독이 되면서 선배들한테 지고 싶은 마음은 없다""며 ""좋은 그림 만들 수 있도록 노력하겠다""고 얘기했다. 첫 녹화를 마쳤다는 이정욱 PD는 ""유소년...","Fri, 10 Apr 2026 11:35:00 +0900"
[2026프로야구 삼진과 홈런사이] 주말 3연전 하이라이트는 SSG 대 LG의 '잠...,http://www.newsian.co.kr/news/articleView.html?idxno=88386,http://www.newsian.co.kr/news/articleView.html?idxno=88386,"대전구장에서는 투, 타의 밸런스가 무너진 기아 타이거즈 대 불펜에 이상이 생긴 한화 이글스가 맞붙는다. 2026 신한 SOL KBO리그가 개막한 3월 29일 오후 서울 송파구 잠실야구장에서 열린 LG 트윈스와 KT 위즈의...","Fri, 10 Apr 2026 10:30:00 +0900"
"나흘만에 또…정청래, '텃밭' 광주·전남서 민심 다잡기",https://www.pressian.com/pages/articles/2026040917401636057?utm_source=naver&utm_medium=search,https://n.news.naver.com/mnews/article/002/0002436524?sid=102,우천으로 취소된 기아타이거즈와 삼성라이온즈의 프로야구 경기 관람 대신 도당 관계자들과 간담회를 가진 정 대표는 10일 전남 담양 창평시장을 찾아 현장 최고위원회의를 여는 등 1박 2일간의 호남 민심 다지기 행보를...,"Thu, 09 Apr 2026 17:52:00 +0900"
전북 순창 대상 웰라움 입주민에 '토탈 주거테어' 제공,http://www.jndn.com/article.php?aid=1775723958430503004,http://www.jndn.com/article.php?aid=1775723958430503004,전북 순창 순화지구 대상 웰라움 입주민들이 기아타이거즈 지정병원인 선한병원에서 건강검진 할인혜택과 전용 추가혜택을 누릴 수 있게 됐다. 하이누리그룹(회장 김동기)과 선한병원(대표원장 최민선)은 9일 대상...,"Thu, 09 Apr 2026 17:42:00 +0900"
"[떠먹는 스포츠] '제 2의 박지성' 특급유망주, 태극마크 대신 일본귀화...",http://www.yonhapnewstv.co.kr/MYH20260409111018usM,https://m.sports.naver.com/general/article/422/0000853237,이승현은 어제 광주에서 열린 기아 타이거즈와의 원정 경기에 선발 등판했지만 3회도 채우지 못하고 홈런 2방을 포함해 무려 12실점 했습니다. 안타는 11개 허용했고 볼넷도 8개나 내줬습니다. 12실점은 이승현의 데뷔 후...,"Thu, 09 Apr 2026 13:01:00 +0900"
프로야구 LG 4연승 '신바람'… 롯데는 7연패 탈출,https://www.m-i.kr/news/articleView.html?idxno=1362891,https://www.m-i.kr/news/articleView.html?idxno=1362891,광주에서는 기아 타이거즈가 올 시즌 리그 첫 선발 전원 안타 경기로 삼성 라이온즈를 15-5로 대파했다. 기아 중심 타자인 김도영과 나성범은 3회 나란히 2점 홈런을 터트리며 승리에 앞장섰다.,"Thu, 09 Apr 2026 09:20:00 +0900"
“롯데 팬입니꺼? 드이소”…옆자리에서 온 막걸리 두병,https://www.hani.co.kr/arti/specialsection/esc_section/1253351.html,https://n.news.naver.com/mnews/article/028/0002799869?sid=103,"후배는 어쩌다가 지금은 기아 타이거즈의 골수팬이 됐다. 타이거즈는 올해 전력이 좋지 않다. “마, 봄 자이언츠는 양키스도 못 이긴다 아이가.” 내가 경상도 사투리로 말했다. 여러번 밝혔듯, 내 고향은 부산 옆 동네인...","Thu, 09 Apr 2026 08:02:00 +0900"
"야구장인가, 팬덤 현장인가…'대포 카메라'까지 번진 관람 갈등[Ce:포커...",http://www.celuvmedia.com/article.php?aid=1775685600518133006,http://www.celuvmedia.com/article.php?aid=1775685600518133006,"기아 타이거즈 팬 A씨는 “야구는 경기 특성상 자리를 비우는 일이 잦은데, 돌아와 보면 지정 좌석이 아닌데도 남의 자리를 차지하고 있는 경우가 많다”며 불편함을 호소했다. 이어 “통로에 서서 이른바 ‘대포 카메라’...","Thu, 09 Apr 2026 07:02:00 +0900"
"정청래, 전남·광주 1박2일 민생 행보…기아-삼성 야구도 관람",https://www.news1.kr/politics/assembly/6129848,https://n.news.naver.com/mnews/article/421/0008878853?sid=100,정 대표는 광주 양동시장을 훑으며 상인들을 만난 뒤 광주기아챔피언스필드에서 기아타이거즈와 삼성라이온즈의 프로야구 경기를 관람할 예정이다. 정 대표는 10일 오전 전남 담양으로 이동해 창평전통시장에서 민심...,"Thu, 09 Apr 2026 06:00:00 +0900"
"[요즈음] ""직관가기 힘들다""⋯선예매 장벽에 가로막힌 야구팬",https://www.asiatime.co.kr/article/20260408500283,https://www.asiatime.co.kr/article/20260408500283,7일 오후 1시 기준 티켓베이에서 판매되고 있는 한화이글스 vs 기아타이거즈 경기 티켓. 장당 2만5500원 티켓이 7만원에 올라왔다. (사진=티켓베이 캡쳐) 개인 간 티켓 거래 플랫폼 '티켓베이'를 보면 이날 오후 1시 기준...,"Thu, 09 Apr 2026 05:02:00 +0900"
"[스포츠JOB아먹기(231) 정종일] KIA 광니폼 만든 MD, 스포츠 굿즈의 세계",http://www.sportsq.co.kr/news/articleView.html?idxno=492867,http://www.sportsq.co.kr/news/articleView.html?idxno=492867,한국 프로스포츠 최고 인기구단 KIA(기아) 타이거즈를 응원해온 그는 광복절을 기념해 팬심을 담은 얼트 유니폼을 제작했다. 2017년 8월 15일 이후 구단은 매해 '광니폼(광복절+유니폼)'을 출시하고 국경일을 기리고 있다....,"Wed, 08 Apr 2026 16:52:00 +0900"
"‘왕사남’ 천만 기운 잇는다…김민, 오늘(8일) 기아 타이거즈 시구 출...",https://isplus.com/article/view/isp202604080196,https://m.entertain.naver.com/article/241/0003503960,8일 소속사 제이와이드컴퍼니에 따르면 김민은 이날 오후 6시 30분 광주기아챔피언스필드에서 열리는 ‘2026 KBO 리그’ 기아 타이거즈와 삼성 라이온즈 맞대결의 시구자로 출격한다. 김민은 “기아 타이거즈의 오랜...,"Wed, 08 Apr 2026 16:12:00 +0900"
"""스포츠인프라 매우 부족"" 전남 드래곤즈-7개 시군 체육회, 복합 스타디...",https://www.sportschosun.com/football/2026-04-08/202604080100055560003580,https://m.sports.naver.com/kfootball/article/076/0004393537,"프로축구 광주FC, 프로야구 기아타이거즈, 여자프로배구 AI페퍼스까지 3개의 프로구단이 연고를 두고 있으며, 광주광역시가 소유한 광주월드컵경기장과 축구전용구장, 광주KIA챔피언스필드, 페퍼스스타디움에서 연간 약...","Wed, 08 Apr 2026 16:11:00 +0900"
"‘왕사남’ 유해진 아들 김민, 데뷔 첫 시구…‘천만 요정’→‘승리 요...",https://sports.donga.com/ent/article/all/20260408/133699560/1,https://m.entertain.naver.com/article/382/0001267061,김민은 오늘(8일) 오후 6시 30분 광주기아챔피언스필드에서 열리는 ‘2026 KBO 리그’ 기아 타이거즈와 삼성 라이온즈 맞대결의 시구자로 나선다. 그는 “기아 타이거즈의 오랜 팬으로서 시구자로 초청되어 영광이다. 올...,"Wed, 08 Apr 2026 15:34:00 +0900"
"'1000만 히트' 김민, 오늘(8일) 시구 출격 ""오랜 기아팬 영광""",https://news.jtbc.co.kr/article/NB12293297?influxDiv=NAVER,https://m.entertain.naver.com/article/437/0000486504,김민은 8일 오후 6시 30분 광주기아챔피언스필드에서 열리는 '2026 KBO 리그' 기아 타이거즈와 삼성 라이온즈 맞대결의 시구자로 나선다. 특히 김민은 기아 타이거즈의 홈 구장에서 데뷔 첫 시구를 진행하게 돼 의미를...,"Wed, 08 Apr 2026 15:18:00 +0900"
"‘왕사남’ 김민, 오늘 기아 경기서 데뷔 첫 시구 “영광”(공식)",https://www.heraldmuse.com/article/10712794?ref=naver,https://m.entertain.naver.com/article/112/0003792569,김민은 8일 오후 6시 30분 광주기아챔피언스필드에서 열리는 ‘2026 KBO 리그’ 기아 타이거즈와 삼성 라이온즈 경기에서 시구자로 나설 예정이다. 특히 김민은 기아 타이거즈의 홈 구장에서 데뷔 첫 시구를 진행하게 돼...,"Wed, 08 Apr 2026 15:11:00 +0900"
"'유해진 아들' 김민, 첫 시구 도전…""기아 타이거즈 오랜 팬""",https://www.mydaily.co.kr/page/view/2026040814393137169,https://m.entertain.naver.com/article/117/0004052022,"김민은 오늘(8일) 오후 6시 30분 광주기아챔피언스필드에서 열리는 '2026 KBO 리그' 기아 타이거즈와 삼성 라이온즈 맞대결의 시구자로 출격한다. 특히, 김민은 기아 타이거즈의 홈 구장에서 데뷔 첫 시구를 진행하게 돼...","Wed, 08 Apr 2026 14:41:00 +0900"
"'천만 배우' 김민, 오늘 '승리 요정'에 도전... 기아 타이거즈 경기서 데...",http://enews.imbc.com/News/RetrieveNewsInfo/500965,https://m.entertain.naver.com/article/408/0000304578,"김민은 오늘(8일) 오후 6시 30분 광주기아챔피언스필드에서 열리는 '2026 KBO 리그' 기아 타이거즈와 삼성 라이온즈 맞대결의 시구자로 출격한다. 특히, 김민은 기아 타이거즈의 홈 구장에서 데뷔 첫 시구를 진행하게 돼...","Wed, 08 Apr 2026 14:23:00 +0900"
"‘왕사남’ 대박 기운 잇는다‥유해진 아들 김민, 오늘(8일) 기아 타이거...",https://www.newsen.com/news_view.php?uid=202604081217325710,https://m.entertain.naver.com/article/609/0001111736,"김민은 4월 8일 오후 6시 30분 광주기아챔피언스필드에서 열리는 '2026 KBO 리그' 기아 타이거즈와 삼성 라이온즈 맞대결의 시구자로 출격한다. 특히, 김민은 기아 타이거즈의 홈 구장에서 데뷔 첫 시구를 진행하게 돼...","Wed, 08 Apr 2026 12:28:00 +0900"
"'천만 요정' 김민, 기아 타이거즈 '승리 요정' 도전",https://news.tf.co.kr/read/entertain/2310907.htm,https://m.entertain.naver.com/article/629/0000489448,'왕사남'으로 천만 등극…기세 힘입어 데뷔 후 첫 시구 기아 타이거즈 vs 삼성 라이온즈 대결 시구자 발탁 배우 김민이 데뷔 첫 시구에 도전한다. 김민은 8일 오후 6시 30분 광주기아챔피언스필드에서 열리는 '2026 KBO 리그...,"Wed, 08 Apr 2026 11:54:00 +0900"
"'왕과 사는 남자' 김민, 오늘(8일) 기아 타이거즈 경기서 데뷔 첫 시구",http://www.celuvmedia.com/article.php?aid=1775616130518178006,http://www.celuvmedia.com/article.php?aid=1775616130518178006,"김민은 오늘(8일) 오후 6시 30분 광주기아챔피언스필드에서 열리는 '2026 KBO 리그' 기아 타이거즈와 삼성 라이온즈 맞대결의 시구자로 출격한다. 특히, 김민은 기아 타이거즈의 홈 구장에서 데뷔 첫 시구를 진행하게 돼...","Wed, 08 Apr 2026 11:46:00 +0900"
"[공식] '유해진 아들' 김민, 한예종 진학→천만 배우 됐다더니…4년 만...",https://www.tenasia.co.kr/article/2026040862244,https://m.entertain.naver.com/article/312/0000754923,김민은 오늘(8일) 오후 6시 30분 광주기아챔피언스필드에서 열리는 '2026 KBO 리그' 기아 타이거즈와 삼성 라이온즈 맞대결의 시구자로 출격한다. 김민은 기아 타이거즈의 홈 구장에서 데뷔 첫 시구를 진행하게 돼 의미를...,"Wed, 08 Apr 2026 11:30:00 +0900"
"'왕사남' 김민, 첫 시구 도전⋯기아 타이거즈 승리 요정 등판",http://www.joynews24.com/view/1958108,http://www.joynews24.com/view/1958108,김민은 8일 오후 6시 30분 광주기아챔피언스필드에서 열리는 '2026 KBO 리그' 기아 타이거즈와 삼성 라이온즈 맞대결의 시구자로 출격한다. 배우 김민이 프로필 촬영에서 포즈를 취하고 있다. [사진=제이와이드컴퍼니]...,"Wed, 08 Apr 2026 10:16:00 +0900"
"'왕사남' 김민, 천만 요정에서 승리 요정으로…광주서 데뷔 첫 시구",https://www.xportsnews.com/article/2133798,https://m.entertain.naver.com/article/311/0001996271,김민은 8일 오후 6시 30분 광주기아챔피언스필드에서 열리는 2026 KBO 리그 기아 타이거즈와 삼성 라이온즈 맞대결의 시구자로 출격한다. 특히 김민은 기아 타이거즈의 홈 구장에서 데뷔 첫 시구를 진행하게 돼 의미를...,"Wed, 08 Apr 2026 09:57:00 +0900"
'71% 경제 기여에도 인프라는 소외' 전남 동부권이 복합 스타디움 건립...,https://www.besteleven.com/news/articleView.html?idxno=305622,https://m.sports.naver.com/general/article/343/0000141346,"프로축구 광주 FC, 프로야구 기아 타이거즈, 여자프로배구 AI 페퍼스까지 3개 프로구단이 연고를 두고 있으며 광주월드컵경기장, 축구전용구장, 광주-기아 챔피언스 필드, 페퍼스 스타디움에서 연간 약 110회의 프로 경기가...","Wed, 08 Apr 2026 09:54:00 +0900"
"‘왕사남’ 김민, 호랑이 기운 안고 광주 간다..데뷔 첫 시구 “타이거...",http://www.osen.co.kr/article/G1112776842,https://m.entertain.naver.com/article/109/0005509901,김민은 8일 오후 광주기아챔피언스필드에서 열리는 '2026 KBO 리그' 기아 타이거즈와 삼성 라이온즈 맞대결의 시구자로 출격한다. 김민은 기아 타이거즈의 홈 구장에서 데뷔 첫 시구를 진행하게 돼 의미를 더했다. 그는...,"Wed, 08 Apr 2026 09:47:00 +0900"
"김민, KBO 기아 홈경기서 데뷔 첫 시구...""오랜 팬으로서 영광""",https://www.slist.kr/news/articleView.html?idxno=730080,https://www.slist.kr/news/articleView.html?idxno=730080,"김민은 8일 오후 6시 30분 광주기아챔피언스필드에서 열리는 '2026 KBO 리그' 기아 타이거즈와 삼성 라이온즈 경기의 시구자로 참석한다. 기아 타이거즈 홈구장에서 첫 시구를 맡게 됐다는 점도 눈길을 끈다. 김민은 ""기아...","Wed, 08 Apr 2026 09:22:00 +0900"
